country_code,iso_a3,country_name,region,subregion,lon,lat
004,AFG,Afghanistan,Asia,Southern Asia,65.31466607059578,33.83265096692826
008,ALB,Albania,Europe,Southern Europe,19.967590031898183,41.24789602311034
012,DZA,Algeria,Africa,Northern Africa,0.5262737270331161,27.916216233831705
024,AGO,Angola,Africa,Middle Africa,18.809785862734245,-11.880463148651746
010,ATA,Antarctica,Antarctica,Antarctica,67.37414934736887,-76.65407969172705
032,ARG,Argentina,Americas,South America,-64.08055162984822,-37.23919951756829
051,ARM,Armenia,Asia,Western Asia,45.063666574798575,39.95249705663373
036,AUS,Australia,Oceania,Australia and New Zealand,133.05858125705473,-24.841454969992654
040,AUT,Austria,Europe,Western Europe,14.953149823900707,47.91918132180231
031,AZE,Azerbaijan,Asia,Western Asia,47.63524399042388,40.038047390292924
050,BGD,Bangladesh,Asia,Southern Asia,89.87623895192834,23.563936672453586
112,BLR,Belarus,Europe,Eastern Europe,27.78641113896777,53.70603740092703
056,BEL,Belgium,Europe,Western Europe,4.73735646239664,50.579677842809055
084,BLZ,Belize,Americas,Central America,-88.69909241259556,17.31058451992206
204,BEN,Benin,Africa,Western Africa,2.2853251244784065,9.236116136100705
064,BTN,Bhutan,Asia,Southern Asia,90.49641834687333,27.612177944442436
068,BOL,Bolivia,Americas,South America,-63.638941069686545,-16.40013559333128
070,BIH,Bosnia and Herzegovina,Europe,Southern Europe,18.115159909331382,43.853096239912816
072,BWA,Botswana,Africa,Southern Africa,24.310117396284035,-22.459533176363333
076,BRA,Brazil,Americas,South America,-49.71162179067407,-14.073688449767289
096,BRN,Brunei,Asia,South-Eastern Asia,114.892796484506,4.712942613133386
100,BGR,Bulgaria,Europe,Eastern Europe,25.138533162759185,42.73941996924254
854,BFA,Burkina Faso,Africa,Western Africa,-1.2756293256470332,12.241397813358816
108,BDI,Burundi,Africa,Eastern Africa,29.957121218671926,-3.463944999999967
116,KHM,Cambodia,Asia,South-Eastern Asia,104.99873191118384,12.865726630093086
120,CMR,Cameroon,Africa,Middle Africa,13.491598238352434,7.2262000594325
124,CAN,Canada,Americas,Northern America,-110.24380777716146,56.70192
140,CAF,Central African Republic,Africa,Middle Africa,20.47874046996474,6.7629596012600715
148,TCD,Chad,Africa,Middle Africa,18.306714088939955,15.277565000000067
152,CHL,Chile,Americas,South America,-69.83780461020064,-54.015924999999925
156,CHN,China,Asia,Eastern Asia,98.76958323052159,36.79871023207684
170,COL,Colombia,Americas,South America,-72.48645806790587,3.9686211206173923
188,CRI,Costa Rica,Americas,Central America,-83.6838418345869,9.705764471877316
191,HRV,Croatia,Europe,Southern Europe,15.583559315982109,44.54481364600758
192,CUB,Cuba,Americas,Caribbean,-77.70484806391835,21.389870408610257
196,CYP,Cyprus,Asia,Western Asia,33.032991202207015,34.83987630872917
203,CZE,Czechia,Europe,Eastern Europe,15.538166236147262,49.758268032421654
180,COD,Democratic Republic of the Congo,Africa,Middle Africa,22.39056578829549,-4.099336032735199
208,DNK,Denmark,Europe,Northern Europe,9.460776896117707,56.32431427675131
262,DJI,Djibouti,Africa,Eastern Africa,42.41228242803257,11.855284430382113
214,DOM,Dominican Republic,Americas,Caribbean,-70.1301614487559,18.701158555572157
626,TLS,East Timor,Asia,South-Eastern Asia,125.86268071833555,-8.780523166542988
218,ECU,Ecuador,Americas,South America,-78.27869867370002,-1.7633287491972067
818,EGY,Egypt,Africa,Northern Africa,29.369537116289596,26.895485
222,SLV,El Salvador,Americas,Central America,-88.9200948609695,13.815268154348182
226,GNQ,Equatorial Guinea,Africa,Middle Africa,10.377144776332258,1.7109811466500275
232,ERI,Eritrea,Africa,Eastern Africa,38.29576360972531,15.197538642200243
233,EST,Estonia,Europe,Northern Europe,25.561749208965438,58.49808340110896
231,ETH,Ethiopia,Africa,Eastern Africa,38.72639118584689,9.362030000000146
238,FLK,Falkland Islands,Americas,South America,-59.38928571428572,-51.7
242,FJI,Fiji,Oceania,Melanesia,177.9759493013698,-17.937620000000003
246,FIN,Finland,Europe,Northern Europe,27.373290049843988,65.03004903834211
250,FRA,France,Europe,Western Europe,2.099228142939435,46.895070705750044
260,ATF,French Southern and Antarctic Lands,Africa,Seven seas (open ocean),69.6465417663477,-49.15375
266,GAB,Gabon,Africa,Middle Africa,11.59264070054377,-0.9451874731522665
270,GMB,Gambia,Africa,Western Africa,-16.04187367261004,13.401624152067889
268,GEO,Georgia,Asia,Western Asia,43.60200543890522,42.29761033333508
276,DEU,Germany,Europe,Western Europe,10.432351054415541,51.43122793233069
288,GHA,Ghana,Africa,Western Africa,-1.0873747725227225,7.815686041693979
300,GRC,Greece,Europe,Southern Europe,21.806331544482997,39.08045726170843
304,GRL,Greenland,Americas,Northern America,-39.28314849217472,71.8673
320,GTM,Guatemala,Americas,Central America,-90.33421968718011,15.79155579270244
324,GIN,Guinea,Africa,Western Africa,-9.657523946689812,9.95094330488611
624,GNB,Guinea-Bissau,Africa,Western Africa,-15.036935038744208,11.884985459841765
328,GUY,Guyana,Americas,South America,-58.845385285127406,4.913343817561277
332,HTI,Haiti,Americas,Caribbean,-72.14740709148104,18.94352102302104
340,HND,Honduras,Americas,Central America,-87.22788962343432,14.487836920626904
348,HUN,Hungary,Europe,Eastern Europe,19.103248422838412,47.24520437274364
352,ISL,Iceland,Europe,Northern Europe,-18.45789276678292,64.9880490179969
356,IND,India,Asia,Southern Asia,79.17905943580504,21.87220530851453
360,IDN,Indonesia,Asia,South-Eastern Asia,113.26946371339318,-0.17851592367003377
364,IRN,Iran,Asia,Southern Asia,54.118245053800806,32.32603750256677
368,IRQ,Iraq,Asia,Western Asia,42.414921414989024,33.197986863735615
372,IRL,Ireland,Europe,Northern Europe,-7.806698877467026,53.510364590053854
376,ISR,Israel,Asia,Western Asia,34.69111663789981,31.421260687784496
380,ITA,Italy,Europe,Southern Europe,12.631183369107305,42.55821655941108
384,CIV,Ivory Coast,Africa,Western Africa,-5.682611007233913,7.540625311712404
388,JAM,Jamaica,Americas,Caribbean,-77.15150094297478,18.02378388109028
392,JPN,Japan,Asia,Eastern Asia,138.34886705247487,36.09343028415736
400,JOR,Jordan,Asia,Western Asia,36.31227573435423,31.294575914020967
398,KAZ,Kazakhstan,Asia,Central Asia,66.31159464209361,48.068961165052485
404,KEN,Kenya,Africa,Eastern Africa,37.512972045317696,0.31240676893094815
383,KOS,Kosovo,Europe,Southern Europe,20.9136654490897,42.51392500000006
414,KWT,Kuwait,Asia,Western Asia,47.393072294433196,29.202662258413646
417,KGZ,Kyrgyzstan,Asia,Central Asia,75.19201311218511,41.28910797786304
418,LAO,Laos,Asia,South-Eastern Asia,102.08216893023177,18.175027879300522
428,LVA,Latvia,Europe,Northern Europe,24.504423151312388,56.8950546331989
422,LBN,Lebanon,Asia,Western Asia,35.79466178592026,33.865181281055996
426,LSO,Lesotho,Africa,Southern Africa,28.243577670469747,-29.500576267211812
430,LBR,Liberia,Africa,Western Africa,-9.71018446570726,6.330298671896372
434,LBY,Libya,Africa,Northern Africa,17.258924170759457,26.303265590921555
440,LTU,Lithuania,Europe,Northern Europe,24.127801340727693,55.091237087618765
442,LUX,Luxembourg,Europe,Western Europe,5.96441251117964,49.715854600618115
450,MDG,Madagascar,Africa,Eastern Africa,46.66949122724746,-18.64669097257204
454,MWI,Malawi,Africa,Eastern Africa,33.66837111149775,-13.174647718969421
458,MYS,Malaysia,Asia,South-Eastern Asia,102.07211202137817,3.8329188094189277
466,MLI,Mali,Africa,Western Africa,-0.7009443998886491,17.954795843980627
478,MRT,Mauritania,Africa,Western Africa,-11.492962824158509,21.163411363199195
484,MEX,Mexico,Americas,Central America,-102.25017235234306,23.599373785897797
498,MDA,Moldova,Europe,Eastern Europe,28.649038458877627,47.13761404071195
496,MNG,Mongolia,Asia,Eastern Asia,105.3339760197104,46.84677907977329
499,MNE,Montenegro,Europe,Southern Europe,19.39621631008616,42.75049869108284
504,MAR,Morocco,Africa,Northern Africa,-9.983264573567473,28.490393073026723
508,MOZ,Mozambique,Africa,Eastern Africa,34.69681874810105,-18.319372450435313
104,MMR,Myanmar,Asia,South-Eastern Asia,95.87301200656621,18.99678650560589
516,NAM,Namibia,Africa,Southern Africa,17.146268750805174,-23.254833469335267
524,NPL,Nepal,Asia,Southern Asia,83.44416816400806,28.309835618598875
528,NLD,Netherlands,Europe,Western Europe,5.398113217342898,52.04023468689047
540,NCL,New Caledonia,Oceania,Melanesia,165.6873774454338,-21.41471323007009
554,NZL,New Zealand,Oceania,Australia and New Zealand,176.51659682476674,-38.305310153965785
558,NIC,Nicaragua,Americas,Central America,-85.5743561776437,12.88960114181193
562,NER,Niger,Africa,Western Africa,9.77410100540003,17.39008871100311
566,NGA,Nigeria,Africa,Western Africa,7.831878148303045,8.927685349966659
408,PRK,North Korea,Asia,Eastern Asia,126.80350841012518,40.337641506505065
807,MKD,North Macedonia,Europe,Southern Europe,21.720350512244032,41.68109950813769
578,NOR,Norway,Europe,Northern Europe,22.682486462200686,79.95814301219743
512,OMN,Oman,Asia,Western Asia,56.97737417306399,20.79773600919382
586,PAK,Pakistan,Asia,Southern Asia,70.0926280198014,30.35765635835316
275,PSX,Palestine,Asia,Western Asia,35.30150277949676,32.13028717704515
591,PAN,Panama,Americas,Central America,-81.48307983204492,8.40561127362993
598,PNG,Papua New Guinea,Oceania,Melanesia,144.22611585363256,-6.667835585154329
600,PRY,Paraguay,Americas,South America,-58.63741587062309,-23.11380848561074
604,PER,Peru,Americas,South America,-75.87473849257125,-9.247523085164648
608,PHL,Philippines,Asia,South-Eastern Asia,125.20586583562849,7.6038643457295905
616,POL,Poland,Europe,Eastern Europe,19.076267455907114,51.88441732442235
620,PRT,Portugal,Europe,Southern Europe,-8.367926168946118,39.51081858983509
630,PRI,Puerto Rico,Americas,Caribbean,-66.44495687034964,18.301247565173426
634,QAT,Qatar,Asia,Western Asia,51.179364987393605,25.349047349544065
688,SRB,Republic of Serbia,Europe,Southern Europe,21.01347524303938,44.13669650033062
178,COG,Republic of the Congo,Africa,Middle Africa,15.943964403964879,-0.6482288549870177
642,ROU,Romania,Europe,Eastern Europe,24.2116924300108,46.03602753354609
643,RUS,Russia,Europe,Eastern Europe,88.59732850428603,59.40587000000008
646,RWA,Rwanda,Africa,Eastern Africa,30.030836434099793,-1.9570120174271501
682,SAU,Saudi Arabia,Asia,Western Asia,44.55272448770118,24.26549591724806
686,SEN,Senegal,Africa,Western Africa,-14.729191157319399,14.495174974012365
694,SLE,Sierra Leone,Africa,Western Africa,-11.844424944687134,8.560873114450864
703,SVK,Slovakia,Europe,Eastern Europe,19.630113820701496,48.71193655048388
705,SVN,Slovenia,Europe,Southern Europe,14.732281029695073,46.1274431422704
090,SLB,Solomon Islands,Oceania,Melanesia,160.0935506959795,-9.50523345300422
706,SOM,Somalia,Africa,Eastern Africa,46.794179682516805,5.170365
710,ZAF,South Africa,Africa,Southern Africa,26.147627045756522,-28.408524061803796
410,KOR,South Korea,Asia,Eastern Asia,127.90135660616482,36.20501262058358
728,SDS,South Sudan,Africa,Eastern Africa,28.97007455870824,8.027146002632321
724,ESP,Spain,Europe,Southern Europe,-3.5199679433204363,39.917912604322396
144,LKA,Sri Lanka,Asia,Southern Asia,80.68375212082876,7.861949367703275
729,SDN,Sudan,Africa,Northern Africa,29.61560321102388,15.277565000000067
740,SUR,Suriname,Americas,South America,-56.03158323229576,3.8404506494254704
752,SWE,Sweden,Europe,Northern Europe,14.786243427055595,62.27488129337668
756,CHE,Switzerland,Europe,Western Europe,8.28651553630333,46.80966248227965
760,SYR,Syria,Asia,Western Asia,38.57395271340559,35.027461757948664
158,TWN,Taiwan,Asia,Eastern Asia,120.98884789794322,23.975268154388818
762,TJK,Tajikistan,Asia,Central Asia,71.03984580185244,38.75403015802868
764,THA,Thailand,Asia,South-Eastern Asia,101.66324449034873,13.037021084032567
044,BHS,The Bahamas,Americas,Caribbean,-78.39612525987528,26.685000000000002
768,TGO,Togo,Africa,Western Africa,1.1192623506213286,8.494843553089922
780,TTO,Trinidad and Tobago,Americas,Caribbean,-61.290352348993295,10.562500000000002
788,TUN,Tunisia,Africa,Northern Africa,8.914019710111802,33.94155904798339
792,TUR,Turkey,Asia,Western Asia,35.45493090001703,38.63352071792403
795,TKM,Turkmenistan,Asia,Central Asia,58.672049198743025,39.12133331965124
800,UGA,Uganda,Africa,Eastern Africa,32.54650624332488,1.3803727233898533
804,UKR,Ukraine,Europe,Eastern Europe,30.980774020171626,48.804606078790414
784,ARE,United Arab Emirates,Asia,Western Asia,54.987923662782734,24.28183858896037
826,GBR,United Kingdom,Europe,Northern Europe,-1.753312127795028,54.22468791362445
834,TZA,United Republic of Tanzania,Africa,Eastern Africa,34.14207062768624,-6.207829437269719
840,USA,United States of America,Americas,Northern America,-99.31483211377505,37.23674500000004
858,URY,Uruguay,Americas,South America,-55.818919492674105,-32.38745431898117
860,UZB,Uzbekistan,Asia,Central Asia,63.4428750998178,41.353277187661455
548,VUT,Vanuatu,Oceania,Melanesia,166.89877891083083,-15.163311862857583
862,VEN,Venezuela,Americas,South America,-65.42594002750046,6.481697699403483
704,VNM,Vietnam,Asia,South-Eastern Asia,107.77693425703086,15.994140326394664
732,SAH,Western Sahara,Africa,Northern Africa,-12.572015437039491,24.23056264901875
887,YEM,Yemen,Asia,Western Asia,47.47313794890887,15.815314032448633
894,ZMB,Zambia,Africa,Eastern Africa,25.36972724025386,-13.080002333226854
716,ZWE,Zimbabwe,Africa,Eastern Africa,29.321720518595246,-19.003749281492738
748,SWZ,eSwatini,Africa,Southern Africa,31.360099314089425,-26.56594919200476
