territory_id,territory_name,year,population,source_indicator
01,Andalucía,1998,7236459,INE 02003
01,Andalucía,1999,7305117,INE 02003
01,Andalucía,2000,7340052,INE 02003
01,Andalucía,2001,7403968,INE 02003
01,Andalucía,2002,7478432,INE 02003
01,Andalucía,2003,7606848,INE 02003
01,Andalucía,2004,7687518,INE 02003
01,Andalucía,2005,7849799,INE 02003
01,Andalucía,2006,7975672,INE 02003
01,Andalucía,2007,8059461,INE 02003
01,Andalucía,2008,8202220,INE 02003
01,Andalucía,2009,8302923,INE 02003
01,Andalucía,2010,8370975,INE 02003
01,Andalucía,2011,8424102,INE 02003
01,Andalucía,2012,8449985,INE 02003
01,Andalucía,2013,8440300,INE 02003
01,Andalucía,2014,8402305,INE 02003
01,Andalucía,2015,8399043,INE 02003
01,Andalucía,2016,8388107,INE 02003
01,Andalucía,2017,8379820,INE 02003
01,Andalucía,2018,8384408,INE 02003
01,Andalucía,2019,8414240,INE 02003
01,Andalucía,2020,8464411,INE 02003
01,Andalucía,2021,8472407,INE 02003
01,Andalucía,2022,8500187,INE 02003
02,Aragón,1998,1183234,INE 02003
02,Aragón,1999,1186849,INE 02003
02,Aragón,2000,1189909,INE 02003
02,Aragón,2001,1199753,INE 02003
02,Aragón,2002,1217514,INE 02003
02,Aragón,2003,1230090,INE 02003
02,Aragón,2004,1249584,INE 02003
02,Aragón,2005,1269027,INE 02003
02,Aragón,2006,1277471,INE 02003
02,Aragón,2007,1296655,INE 02003
02,Aragón,2008,1326918,INE 02003
02,Aragón,2009,1345473,INE 02003
02,Aragón,2010,1347095,INE 02003
02,Aragón,2011,1346293,INE 02003
02,Aragón,2012,1349467,INE 02003
02,Aragón,2013,1347150,INE 02003
02,Aragón,2014,1325385,INE 02003
02,Aragón,2015,1317847,INE 02003
02,Aragón,2016,1308563,INE 02003
02,Aragón,2017,1308750,INE 02003
02,Aragón,2018,1308728,INE 02003
02,Aragón,2019,1319291,INE 02003
02,Aragón,2020,1329391,INE 02003
02,Aragón,2021,1326261,INE 02003
02,Aragón,2022,1326315,INE 02003
03,Principado de Asturias,1998,1081834,INE 02003
03,Principado de Asturias,1999,1084314,INE 02003
03,Principado de Asturias,2000,1076567,INE 02003
03,Principado de Asturias,2001,1075329,INE 02003
03,Principado de Asturias,2002,1073971,INE 02003
03,Principado de Asturias,2003,1075381,INE 02003
03,Principado de Asturias,2004,1073761,INE 02003
03,Principado de Asturias,2005,1076635,INE 02003
03,Principado de Asturias,2006,1076896,INE 02003
03,Principado de Asturias,2007,1074862,INE 02003
03,Principado de Asturias,2008,1080138,INE 02003
03,Principado de Asturias,2009,1085289,INE 02003
03,Principado de Asturias,2010,1084341,INE 02003
03,Principado de Asturias,2011,1081487,INE 02003
03,Principado de Asturias,2012,1077360,INE 02003
03,Principado de Asturias,2013,1068165,INE 02003
03,Principado de Asturias,2014,1061756,INE 02003
03,Principado de Asturias,2015,1051229,INE 02003
03,Principado de Asturias,2016,1042608,INE 02003
03,Principado de Asturias,2017,1034960,INE 02003
03,Principado de Asturias,2018,1028244,INE 02003
03,Principado de Asturias,2019,1022800,INE 02003
03,Principado de Asturias,2020,1018784,INE 02003
03,Principado de Asturias,2021,1011792,INE 02003
03,Principado de Asturias,2022,1004686,INE 02003
04,Illes Balears,1998,796483,INE 02003
04,Illes Balears,1999,821820,INE 02003
04,Illes Balears,2000,845630,INE 02003
04,Illes Balears,2001,878627,INE 02003
04,Illes Balears,2002,916968,INE 02003
04,Illes Balears,2003,947361,INE 02003
04,Illes Balears,2004,955045,INE 02003
04,Illes Balears,2005,983131,INE 02003
04,Illes Balears,2006,1001062,INE 02003
04,Illes Balears,2007,1030650,INE 02003
04,Illes Balears,2008,1072844,INE 02003
04,Illes Balears,2009,1095426,INE 02003
04,Illes Balears,2010,1106049,INE 02003
04,Illes Balears,2011,1113114,INE 02003
04,Illes Balears,2012,1119439,INE 02003
04,Illes Balears,2013,1111674,INE 02003
04,Illes Balears,2014,1103442,INE 02003
04,Illes Balears,2015,1104479,INE 02003
04,Illes Balears,2016,1107220,INE 02003
04,Illes Balears,2017,1115999,INE 02003
04,Illes Balears,2018,1128908,INE 02003
04,Illes Balears,2019,1149460,INE 02003
04,Illes Balears,2020,1171543,INE 02003
04,Illes Balears,2021,1173008,INE 02003
04,Illes Balears,2022,1176659,INE 02003
05,Canarias,1998,1630015,INE 02003
05,Canarias,1999,1672689,INE 02003
05,Canarias,2000,1716276,INE 02003
05,Canarias,2001,1781366,INE 02003
05,Canarias,2002,1843755,INE 02003
05,Canarias,2003,1894868,INE 02003
05,Canarias,2004,1915540,INE 02003
05,Canarias,2005,1968280,INE 02003
05,Canarias,2006,1995833,INE 02003
05,Canarias,2007,2025951,INE 02003
05,Canarias,2008,2075968,INE 02003
05,Canarias,2009,2103992,INE 02003
05,Canarias,2010,2118519,INE 02003
05,Canarias,2011,2126769,INE 02003
05,Canarias,2012,2118344,INE 02003
05,Canarias,2013,2118679,INE 02003
05,Canarias,2014,2104815,INE 02003
05,Canarias,2015,2100306,INE 02003
05,Canarias,2016,2101924,INE 02003
05,Canarias,2017,2108121,INE 02003
05,Canarias,2018,2127685,INE 02003
05,Canarias,2019,2153389,INE 02003
05,Canarias,2020,2175952,INE 02003
05,Canarias,2021,2172944,INE 02003
05,Canarias,2022,2177701,INE 02003
06,Cantabria,1998,527137,INE 02003
06,Cantabria,1999,528478,INE 02003
06,Cantabria,2000,531159,INE 02003
06,Cantabria,2001,537606,INE 02003
06,Cantabria,2002,542275,INE 02003
06,Cantabria,2003,549690,INE 02003
06,Cantabria,2004,554784,INE 02003
06,Cantabria,2005,562309,INE 02003
06,Cantabria,2006,568091,INE 02003
06,Cantabria,2007,572824,INE 02003
06,Cantabria,2008,582138,INE 02003
06,Cantabria,2009,589235,INE 02003
06,Cantabria,2010,592250,INE 02003
06,Cantabria,2011,593121,INE 02003
06,Cantabria,2012,593861,INE 02003
06,Cantabria,2013,591888,INE 02003
06,Cantabria,2014,588656,INE 02003
06,Cantabria,2015,585179,INE 02003
06,Cantabria,2016,582206,INE 02003
06,Cantabria,2017,580295,INE 02003
06,Cantabria,2018,580229,INE 02003
06,Cantabria,2019,581078,INE 02003
06,Cantabria,2020,582905,INE 02003
06,Cantabria,2021,584507,INE 02003
06,Cantabria,2022,585402,INE 02003
07,Castilla y León,1998,2484603,INE 02003
07,Castilla y León,1999,2488062,INE 02003
07,Castilla y León,2000,2479118,INE 02003
07,Castilla y León,2001,2479425,INE 02003
07,Castilla y León,2002,2480369,INE 02003
07,Castilla y León,2003,2487646,INE 02003
07,Castilla y León,2004,2493918,INE 02003
07,Castilla y León,2005,2510849,INE 02003
07,Castilla y León,2006,2523020,INE 02003
07,Castilla y León,2007,2528417,INE 02003
07,Castilla y León,2008,2557330,INE 02003
07,Castilla y León,2009,2563521,INE 02003
07,Castilla y León,2010,2559515,INE 02003
07,Castilla y León,2011,2558463,INE 02003
07,Castilla y León,2012,2546078,INE 02003
07,Castilla y León,2013,2519875,INE 02003
07,Castilla y León,2014,2494790,INE 02003
07,Castilla y León,2015,2472052,INE 02003
07,Castilla y León,2016,2447519,INE 02003
07,Castilla y León,2017,2425801,INE 02003
07,Castilla y León,2018,2409164,INE 02003
07,Castilla y León,2019,2399548,INE 02003
07,Castilla y León,2020,2394918,INE 02003
07,Castilla y León,2021,2383139,INE 02003
07,Castilla y León,2022,2372640,INE 02003
08,Castilla-La Mancha,1998,1716152,INE 02003
08,Castilla-La Mancha,1999,1726199,INE 02003
08,Castilla-La Mancha,2000,1734261,INE 02003
08,Castilla-La Mancha,2001,1755053,INE 02003
08,Castilla-La Mancha,2002,1782038,INE 02003
08,Castilla-La Mancha,2003,1815781,INE 02003
08,Castilla-La Mancha,2004,1848881,INE 02003
08,Castilla-La Mancha,2005,1894667,INE 02003
08,Castilla-La Mancha,2006,1932261,INE 02003
08,Castilla-La Mancha,2007,1977304,INE 02003
08,Castilla-La Mancha,2008,2043100,INE 02003
08,Castilla-La Mancha,2009,2081313,INE 02003
08,Castilla-La Mancha,2010,2098373,INE 02003
08,Castilla-La Mancha,2011,2115334,INE 02003
08,Castilla-La Mancha,2012,2121888,INE 02003
08,Castilla-La Mancha,2013,2100998,INE 02003
08,Castilla-La Mancha,2014,2078611,INE 02003
08,Castilla-La Mancha,2015,2059191,INE 02003
08,Castilla-La Mancha,2016,2041631,INE 02003
08,Castilla-La Mancha,2017,2031479,INE 02003
08,Castilla-La Mancha,2018,2026807,INE 02003
08,Castilla-La Mancha,2019,2032863,INE 02003
08,Castilla-La Mancha,2020,2045221,INE 02003
08,Castilla-La Mancha,2021,2049562,INE 02003
08,Castilla-La Mancha,2022,2053328,INE 02003
09,Cataluña,1998,6147610,INE 02003
09,Cataluña,1999,6207533,INE 02003
09,Cataluña,2000,6261999,INE 02003
09,Cataluña,2001,6361365,INE 02003
09,Cataluña,2002,6506440,INE 02003
09,Cataluña,2003,6704146,INE 02003
09,Cataluña,2004,6813319,INE 02003
09,Cataluña,2005,6995206,INE 02003
09,Cataluña,2006,7134697,INE 02003
09,Cataluña,2007,7210508,INE 02003
09,Cataluña,2008,7364078,INE 02003
09,Cataluña,2009,7475420,INE 02003
09,Cataluña,2010,7512381,INE 02003
09,Cataluña,2011,7539618,INE 02003
09,Cataluña,2012,7570908,INE 02003
09,Cataluña,2013,7553650,INE 02003
09,Cataluña,2014,7518903,INE 02003
09,Cataluña,2015,7508106,INE 02003
09,Cataluña,2016,7522596,INE 02003
09,Cataluña,2017,7555830,INE 02003
09,Cataluña,2018,7600065,INE 02003
09,Cataluña,2019,7675217,INE 02003
09,Cataluña,2020,7780479,INE 02003
09,Cataluña,2021,7763362,INE 02003
09,Cataluña,2022,7792611,INE 02003
10,Comunitat Valenciana,1998,4023441,INE 02003
10,Comunitat Valenciana,1999,4066474,INE 02003
10,Comunitat Valenciana,2000,4120729,INE 02003
10,Comunitat Valenciana,2001,4202608,INE 02003
10,Comunitat Valenciana,2002,4326708,INE 02003
10,Comunitat Valenciana,2003,4470885,INE 02003
10,Comunitat Valenciana,2004,4543304,INE 02003
10,Comunitat Valenciana,2005,4692449,INE 02003
10,Comunitat Valenciana,2006,4806908,INE 02003
10,Comunitat Valenciana,2007,4885029,INE 02003
10,Comunitat Valenciana,2008,5029601,INE 02003
10,Comunitat Valenciana,2009,5094675,INE 02003
10,Comunitat Valenciana,2010,5111706,INE 02003
10,Comunitat Valenciana,2011,5117190,INE 02003
10,Comunitat Valenciana,2012,5129266,INE 02003
10,Comunitat Valenciana,2013,5113815,INE 02003
10,Comunitat Valenciana,2014,5004844,INE 02003
10,Comunitat Valenciana,2015,4980689,INE 02003
10,Comunitat Valenciana,2016,4959968,INE 02003
10,Comunitat Valenciana,2017,4941509,INE 02003
10,Comunitat Valenciana,2018,4963703,INE 02003
10,Comunitat Valenciana,2019,5003769,INE 02003
10,Comunitat Valenciana,2020,5057353,INE 02003
10,Comunitat Valenciana,2021,5058138,INE 02003
10,Comunitat Valenciana,2022,5097967,INE 02003
11,Extremadura,1998,1069419,INE 02003
11,Extremadura,1999,1073574,INE 02003
11,Extremadura,2000,1069420,INE 02003
11,Extremadura,2001,1073381,INE 02003
11,Extremadura,2002,1073050,INE 02003
11,Extremadura,2003,1073904,INE 02003
11,Extremadura,2004,1075286,INE 02003
11,Extremadura,2005,1083879,INE 02003
11,Extremadura,2006,1086373,INE 02003
11,Extremadura,2007,1089990,INE 02003
11,Extremadura,2008,1097744,INE 02003
11,Extremadura,2009,1102410,INE 02003
11,Extremadura,2010,1107220,INE 02003
11,Extremadura,2011,1109367,INE 02003
11,Extremadura,2012,1108130,INE 02003
11,Extremadura,2013,1104004,INE 02003
11,Extremadura,2014,1099632,INE 02003
11,Extremadura,2015,1092997,INE 02003
11,Extremadura,2016,1087778,INE 02003
11,Extremadura,2017,1079920,INE 02003
11,Extremadura,2018,1072863,INE 02003
11,Extremadura,2019,1067710,INE 02003
11,Extremadura,2020,1063987,INE 02003
11,Extremadura,2021,1059501,INE 02003
11,Extremadura,2022,1054776,INE 02003
12,Galicia,1998,2724544,INE 02003
12,Galicia,1999,2730337,INE 02003
12,Galicia,2000,2731900,INE 02003
12,Galicia,2001,2732926,INE 02003
12,Galicia,2002,2737370,INE 02003
12,Galicia,2003,2751094,INE 02003
12,Galicia,2004,2750985,INE 02003
12,Galicia,2005,2762198,INE 02003
12,Galicia,2006,2767524,INE 02003
12,Galicia,2007,2772533,INE 02003
12,Galicia,2008,2784169,INE 02003
12,Galicia,2009,2796089,INE 02003
12,Galicia,2010,2797653,INE 02003
12,Galicia,2011,2795422,INE 02003
12,Galicia,2012,2781498,INE 02003
12,Galicia,2013,2765940,INE 02003
12,Galicia,2014,2748695,INE 02003
12,Galicia,2015,2732347,INE 02003
12,Galicia,2016,2718525,INE 02003
12,Galicia,2017,2708339,INE 02003
12,Galicia,2018,2701743,INE 02003
12,Galicia,2019,2699499,INE 02003
12,Galicia,2020,2701819,INE 02003
12,Galicia,2021,2695645,INE 02003
12,Galicia,2022,2690464,INE 02003
13,Comunidad de Madrid,1998,5091336,INE 02003
13,Comunidad de Madrid,1999,5145325,INE 02003
13,Comunidad de Madrid,2000,5205408,INE 02003
13,Comunidad de Madrid,2001,5372433,INE 02003
13,Comunidad de Madrid,2002,5527152,INE 02003
13,Comunidad de Madrid,2003,5718942,INE 02003
13,Comunidad de Madrid,2004,5804829,INE 02003
13,Comunidad de Madrid,2005,5964143,INE 02003
13,Comunidad de Madrid,2006,6008183,INE 02003
13,Comunidad de Madrid,2007,6081689,INE 02003
13,Comunidad de Madrid,2008,6271638,INE 02003
13,Comunidad de Madrid,2009,6386932,INE 02003
13,Comunidad de Madrid,2010,6458684,INE 02003
13,Comunidad de Madrid,2011,6489680,INE 02003
13,Comunidad de Madrid,2012,6498560,INE 02003
13,Comunidad de Madrid,2013,6495551,INE 02003
13,Comunidad de Madrid,2014,6454440,INE 02003
13,Comunidad de Madrid,2015,6436996,INE 02003
13,Comunidad de Madrid,2016,6466996,INE 02003
13,Comunidad de Madrid,2017,6507184,INE 02003
13,Comunidad de Madrid,2018,6578079,INE 02003
13,Comunidad de Madrid,2019,6663394,INE 02003
13,Comunidad de Madrid,2020,6779888,INE 02003
13,Comunidad de Madrid,2021,6751251,INE 02003
13,Comunidad de Madrid,2022,6750336,INE 02003
14,Región de Murcia,1998,1115068,INE 02003
14,Región de Murcia,1999,1131128,INE 02003
14,Región de Murcia,2000,1149328,INE 02003
14,Región de Murcia,2001,1190378,INE 02003
14,Región de Murcia,2002,1226993,INE 02003
14,Región de Murcia,2003,1269230,INE 02003
14,Región de Murcia,2004,1294694,INE 02003
14,Región de Murcia,2005,1335792,INE 02003
14,Región de Murcia,2006,1370306,INE 02003
14,Región de Murcia,2007,1392117,INE 02003
14,Región de Murcia,2008,1426109,INE 02003
14,Región de Murcia,2009,1446520,INE 02003
14,Región de Murcia,2010,1461979,INE 02003
14,Región de Murcia,2011,1470069,INE 02003
14,Región de Murcia,2012,1474449,INE 02003
14,Región de Murcia,2013,1472049,INE 02003
14,Región de Murcia,2014,1466818,INE 02003
14,Región de Murcia,2015,1467288,INE 02003
14,Región de Murcia,2016,1464847,INE 02003
14,Región de Murcia,2017,1470273,INE 02003
14,Región de Murcia,2018,1478509,INE 02003
14,Región de Murcia,2019,1493898,INE 02003
14,Región de Murcia,2020,1511251,INE 02003
14,Región de Murcia,2021,1518486,INE 02003
14,Región de Murcia,2022,1531878,INE 02003
15,Comunidad Foral de Navarra,1998,530819,INE 02003
15,Comunidad Foral de Navarra,1999,538009,INE 02003
15,Comunidad Foral de Navarra,2000,543757,INE 02003
15,Comunidad Foral de Navarra,2001,556263,INE 02003
15,Comunidad Foral de Navarra,2002,569628,INE 02003
15,Comunidad Foral de Navarra,2003,578210,INE 02003
15,Comunidad Foral de Navarra,2004,584734,INE 02003
15,Comunidad Foral de Navarra,2005,593472,INE 02003
15,Comunidad Foral de Navarra,2006,601874,INE 02003
15,Comunidad Foral de Navarra,2007,605876,INE 02003
15,Comunidad Foral de Navarra,2008,620377,INE 02003
15,Comunidad Foral de Navarra,2009,630578,INE 02003
15,Comunidad Foral de Navarra,2010,636924,INE 02003
15,Comunidad Foral de Navarra,2011,642051,INE 02003
15,Comunidad Foral de Navarra,2012,644566,INE 02003
15,Comunidad Foral de Navarra,2013,644477,INE 02003
15,Comunidad Foral de Navarra,2014,640790,INE 02003
15,Comunidad Foral de Navarra,2015,640476,INE 02003
15,Comunidad Foral de Navarra,2016,640647,INE 02003
15,Comunidad Foral de Navarra,2017,643234,INE 02003
15,Comunidad Foral de Navarra,2018,647554,INE 02003
15,Comunidad Foral de Navarra,2019,654214,INE 02003
15,Comunidad Foral de Navarra,2020,661197,INE 02003
15,Comunidad Foral de Navarra,2021,661537,INE 02003
15,Comunidad Foral de Navarra,2022,664117,INE 02003
16,País Vasco,1998,2098628,INE 02003
16,País Vasco,1999,2100441,INE 02003
16,País Vasco,2000,2098596,INE 02003
16,País Vasco,2001,2101478,INE 02003
16,País Vasco,2002,2108281,INE 02003
16,País Vasco,2003,2112204,INE 02003
16,País Vasco,2004,2115279,INE 02003
16,País Vasco,2005,2124846,INE 02003
16,País Vasco,2006,2133684,INE 02003
16,País Vasco,2007,2141860,INE 02003
16,País Vasco,2008,2157112,INE 02003
16,País Vasco,2009,2172175,INE 02003
16,País Vasco,2010,2178339,INE 02003
16,País Vasco,2011,2184606,INE 02003
16,País Vasco,2012,2193093,INE 02003
16,País Vasco,2013,2191682,INE 02003
16,País Vasco,2014,2188985,INE 02003
16,País Vasco,2015,2189257,INE 02003
16,País Vasco,2016,2189534,INE 02003
16,País Vasco,2017,2194158,INE 02003
16,País Vasco,2018,2199088,INE 02003
16,País Vasco,2019,2207776,INE 02003
16,País Vasco,2020,2220504,INE 02003
16,País Vasco,2021,2213993,INE 02003
16,País Vasco,2022,2208174,INE 02003
17,La Rioja,1998,263644,INE 02003
17,La Rioja,1999,265178,INE 02003
17,La Rioja,2000,264178,INE 02003
17,La Rioja,2001,270400,INE 02003
17,La Rioja,2002,281614,INE 02003
17,La Rioja,2003,287390,INE 02003
17,La Rioja,2004,293553,INE 02003
17,La Rioja,2005,301084,INE 02003
17,La Rioja,2006,306377,INE 02003
17,La Rioja,2007,308968,INE 02003
17,La Rioja,2008,317501,INE 02003
17,La Rioja,2009,321702,INE 02003
17,La Rioja,2010,322415,INE 02003
17,La Rioja,2011,322955,INE 02003
17,La Rioja,2012,323609,INE 02003
17,La Rioja,2013,322027,INE 02003
17,La Rioja,2014,319002,INE 02003
17,La Rioja,2015,317053,INE 02003
17,La Rioja,2016,315794,INE 02003
17,La Rioja,2017,315381,INE 02003
17,La Rioja,2018,315675,INE 02003
17,La Rioja,2019,316798,INE 02003
17,La Rioja,2020,319914,INE 02003
17,La Rioja,2021,319796,INE 02003
17,La Rioja,2022,319892,INE 02003
18,Ceuta,1998,72117,INE 02003
18,Ceuta,1999,73704,INE 02003
18,Ceuta,2000,75241,INE 02003
18,Ceuta,2001,75694,INE 02003
18,Ceuta,2002,76152,INE 02003
18,Ceuta,2003,74931,INE 02003
18,Ceuta,2004,74654,INE 02003
18,Ceuta,2005,75276,INE 02003
18,Ceuta,2006,75861,INE 02003
18,Ceuta,2007,76603,INE 02003
18,Ceuta,2008,77389,INE 02003
18,Ceuta,2009,78674,INE 02003
18,Ceuta,2010,80579,INE 02003
18,Ceuta,2011,82376,INE 02003
18,Ceuta,2012,84018,INE 02003
18,Ceuta,2013,84180,INE 02003
18,Ceuta,2014,84963,INE 02003
18,Ceuta,2015,84263,INE 02003
18,Ceuta,2016,84519,INE 02003
18,Ceuta,2017,84959,INE 02003
18,Ceuta,2018,85144,INE 02003
18,Ceuta,2019,84777,INE 02003
18,Ceuta,2020,84202,INE 02003
18,Ceuta,2021,83517,INE 02003
18,Ceuta,2022,83117,INE 02003
19,Melilla,1998,60108,INE 02003
19,Melilla,1999,56929,INE 02003
19,Melilla,2000,66263,INE 02003
19,Melilla,2001,68789,INE 02003
19,Melilla,2002,69184,INE 02003
19,Melilla,2003,68463,INE 02003
19,Melilla,2004,68016,INE 02003
19,Melilla,2005,65488,INE 02003
19,Melilla,2006,66871,INE 02003
19,Melilla,2007,69440,INE 02003
19,Melilla,2008,71448,INE 02003
19,Melilla,2009,73460,INE 02003
19,Melilla,2010,76034,INE 02003
19,Melilla,2011,78476,INE 02003
19,Melilla,2012,80802,INE 02003
19,Melilla,2013,83679,INE 02003
19,Melilla,2014,84509,INE 02003
19,Melilla,2015,85584,INE 02003
19,Melilla,2016,86026,INE 02003
19,Melilla,2017,86120,INE 02003
19,Melilla,2018,86384,INE 02003
19,Melilla,2019,86487,INE 02003
19,Melilla,2020,87076,INE 02003
19,Melilla,2021,86261,INE 02003
19,Melilla,2022,85170,INE 02003
